[{"model": "contenttypes.contenttype", "pk": 1, "fields": {"app_label": "admin", "model": "logentry"}}, {"model": "contenttypes.contenttype", "pk": 2, "fields": {"app_label": "auth", "model": "permission"}}, {"model": "contenttypes.contenttype", "pk": 3, "fields": {"app_label": "auth", "model": "group"}}, {"model": "contenttypes.contenttype", "pk": 4, "fields": {"app_label": "auth", "model": "user"}}, {"model": "contenttypes.contenttype", "pk": 5, "fields": {"app_label": "contenttypes", "model": "contenttype"}}, {"model": "contenttypes.contenttype", "pk": 6, "fields": {"app_label": "sessions", "model": "session"}}, {"model": "contenttypes.contenttype", "pk": 7, "fields": {"app_label": "shop", "model": "category"}}, {"model": "contenttypes.contenttype", "pk": 8, "fields": {"app_label": "shop", "model": "product"}}, {"model": "contenttypes.contenttype", "pk": 9, "fields": {"app_label": "shop", "model": "review"}}, {"model": "contenttypes.contenttype", "pk": 10, "fields": {"app_label": "orders", "model": "order"}}, {"model": "contenttypes.contenttype", "pk": 11, "fields": {"app_label": "orders", "model": "orderitem"}}, {"model": "contenttypes.contenttype", "pk": 12, "fields": {"app_label": "articles", "model": "article"}}, {"model": "contenttypes.contenttype", "pk": 13, "fields": {"app_label": "articles", "model": "articleitem"}}, {"model": "sessions.session", "pk": "58eugwwgu90f2cvjaigbbhtc695elnjj", "fields": {"session_data": "ZDRlYzVmNGNjNzBjNjVhN2RiOGYzMzNmMWZlYjM4MDQxZDY0MDUxZTp7Il9hdXRoX3VzZXJfaWQiOiIxIiwiX2F1dGhfdXNlcl9iYWNrZW5kIjoiYWNjb3VudC5hdXRoZW50aWNhdGlvbi5FbWFpbEF1dGhCYWNrZW5kIiwiX2F1dGhfdXNlcl9oYXNoIjoiM2RiOTc2YzNmNmEzNmFmMWFmMjg1ZDMyN2U3NTI3NDlhYTAwN2E1YyIsImNhcnQiOnt9LCJoYXNfY29tbWVudGVkX3Byb2R1Y3QiOlsiNTI2NGE0ZTQtNWIzMy00NWVhLThhY2QtYTUwMTcxZjEwYmRkIiwiNzQwOGZmMmItNDUxZC00MzI1LWFhYTctZjA2YTZjOTRlMDlhIl19", "expire_date": "2018-12-13T17:53:21.797Z"}}, {"model": "sessions.session", "pk": "bgs4p2t1gelsk460n2hxu36dc5bhdqkp", "fields": {"session_data": "MzUyMmU1YzUwODZlOTE4NGZkYTQ5MDI0NmM1MzRkM2NkNzI1NGUwMzp7Imhhc19jb21tZW50ZWRfcHJvZHVjdCI6WyI3NDA4ZmYyYi00NTFkLTQzMjUtYWFhNy1mMDZhNmM5NGUwOWEiXX0=", "expire_date": "2018-12-13T17:53:42.526Z"}}, {"model": "sessions.session", "pk": "z4gzpg5vcq4hjkbe5n7e85dkhmj9ifha", "fields": {"session_data": "OTJlOWE2NTRmNWMxOWUwNmQ3MWVhZTE2ZTE5MDBiYTBjNWYxZDk1Zjp7Imhhc19jb21tZW50ZWRfcHJvZHVjdCI6WyI1MjY0YTRlNC01YjMzLTQ1ZWEtOGFjZC1hNTAxNzFmMTBiZGQiXX0=", "expire_date": "2018-12-12T17:52:07.271Z"}}, {"model": "shop.category", "pk": 1, "fields": {"name": "\u0421\u043c\u0430\u0440\u0442\u0444\u043e\u043d\u044b", "slug": "smartfony"}}, {"model": "shop.category", "pk": 2, "fields": {"name": "\u0410\u043a\u0441\u0435\u0441\u0441\u0443\u0430\u0440\u044b", "slug": "aksessuary"}}, {"model": "shop.category", "pk": 3, "fields": {"name": "\u0417\u0430\u0440\u044f\u0434\u043a\u0438", "slug": "zaryadki"}}, {"model": "shop.category", "pk": 4, "fields": {"name": "\u0423\u043c\u043d\u044b\u0435 \u0447\u0430\u0441\u044b", "slug": "umnye-chasy"}}, {"model": "shop.product", "pk": "0250a73e-5cc1-405a-ba63-b01db1c49211", "fields": {"category": 2, "name": "Xiaomi Redmi Note 4", "slug": "xiaomi-redmi-note-4", "image": "products/2018/11/28/Xiaomi_Redmi_Note_4.webp", "description": "\u0427\u0435\u0445\u043e\u043b \u0434\u043b\u044f Xiaomi Redmi Note 4"}}, {"model": "shop.product", "pk": "033f8f1b-f7fa-4fd8-8b4e-71879c8bd31b", "fields": {"category": 4, "name": "Samsung Gear S3 Frontier", "slug": "samsung-gear-s3-frontier", "image": "products/2018/11/28/Samsung_Gear_S3_Frontier.webp", "description": "\u041a\u0440\u0430\u0441\u0438\u0432\u044b\u0435 Samsung Gear S3 Frontier"}}, {"model": "shop.product", "pk": "0700a475-b8b9-460a-9fd9-74a5164ce688", "fields": {"category": 4, "name": "Apple Watch Series 4", "slug": "apple-watch-series-4", "image": "products/2018/11/28/Apple_Watch_Series_4.webp", "description": "\u041a\u0440\u0430\u0441\u0438\u0432\u044b\u0435 Apple Watch Series 4"}}, {"model": "shop.product", "pk": "0f221712-b2e8-481a-86d7-2cd056366074", "fields": {"category": 1, "name": "iPhone 7", "slug": "iphone-7", "image": "products/2018/11/28/iPhone_7.webp", "description": "\u0421\u043e\u0432\u0440\u0435\u043c\u0435\u043d\u043d\u044b\u0439 iPhone 7"}}, {"model": "shop.product", "pk": "1cdf87cb-985f-4b28-bbe7-1222c9b704d8", "fields": {"category": 1, "name": "Huawei Mate 20 Pro", "slug": "huawei-mate-20-pro", "image": "products/2018/11/28/Huawei_Mate_20_Pro.webp", "description": "\u0421\u043e\u0432\u0440\u0435\u043c\u0435\u043d\u043d\u044b\u0439 Huawei Mate 20 Pro"}}, {"model": "shop.product", "pk": "220eaddd-bd6e-46dd-8675-a603c318283a", "fields": {"category": 2, "name": "Samsung Galaxy S9", "slug": "samsung-galaxy-s9", "image": "products/2018/11/28/Samsung_Galaxy_S9.webp", "description": "\u0427\u0435\u0445\u043e\u043b \u0434\u043b\u044f Samsung Galaxy S9"}}, {"model": "shop.product", "pk": "24300b2d-5423-4cee-ab02-bc11179a7ed3", "fields": {"category": 4, "name": "Garmin Vivoactive 3", "slug": "garmin-vivoactive-3", "image": "products/2018/11/28/Garmin_Vivoactive_3.webp", "description": "\u041a\u0440\u0430\u0441\u0438\u0432\u044b\u0435 Garmin Vivoactive 3"}}, {"model": "shop.product", "pk": "24fc77a2-3dd0-4265-9c8c-68fcd4b9e26b", "fields": {"category": 2, "name": "Samsung Galaxy S8", "slug": "samsung-galaxy-s8", "image": "products/2018/11/28/Samsung_Galaxy_S8.webp", "description": "\u0427\u0435\u0445\u043e\u043b \u0434\u043b\u044f Samsung Galaxy S8"}}, {"model": "shop.product", "pk": "296478a3-2df6-4100-b8d2-1efd99794f3f", "fields": {"category": 1, "name": "Sony Xperia XZ3", "slug": "sony-xperia-xz3", "image": "products/2018/11/28/Sony_Xperia_XZ3.webp", "description": "\u0421\u043e\u0432\u0440\u0435\u043c\u0435\u043d\u043d\u044b\u0439 Sony Xperia XZ3"}}, {"model": "shop.product", "pk": "2a213c5f-2e74-4ea6-91cb-50c1a6e6edd4", "fields": {"category": 4, "name": "Samsung Gear S3 Classic", "slug": "samsung-gear-s3-classic", "image": "products/2018/11/28/Samsung_Gear_S3_Classic.webp", "description": "\u041a\u0440\u0430\u0441\u0438\u0432\u044b\u0435 Samsung Gear S3 Classic"}}, {"model": "shop.product", "pk": "5264a4e4-5b33-45ea-8acd-a50171f10bdd", "fields": {"category": 1, "name": "Apple iPhone X", "slug": "apple-iphone-x", "image": "products/2018/11/28/Apple_iPhone_X_Hn8M9rD.webp", "description": "\u0421\u043e\u0432\u0440\u0435\u043c\u0435\u043d\u043d\u044b\u0439 Apple iPhone X"}}, {"model": "shop.product", "pk": "530bfbc0-ba4b-4952-8be7-6375b37c71b5", "fields": {"category": 2, "name": "Xiaomi Redmi 5", "slug": "xiaomi-redmi-5", "image": "products/2018/11/28/Xiaomi_Redmi_5.webp", "description": "\u0427\u0435\u0445\u043e\u043b \u0434\u043b\u044f Xiaomi Redmi 5"}}, {"model": "shop.product", "pk": "5b69c08b-55ee-4387-b3ee-2229fb574458", "fields": {"category": 2, "name": "Apple iPhone X flip", "slug": "apple-iphone-x-flip", "image": "products/2018/11/28/Apple_iPhone_X_flip.webp", "description": "\u0427\u0435\u0445\u043e\u043b \u0434\u043b\u044f Apple iPhone X flip"}}, {"model": "shop.product", "pk": "7408ff2b-451d-4325-aaa7-f06a6c94e09a", "fields": {"category": 1, "name": "Apple iPhone Xr", "slug": "apple-iphone-xr", "image": "products/2018/11/28/Apple_iPhone_Xr.webp", "description": "\u0421\u043e\u0432\u0440\u0435\u043c\u0435\u043d\u043d\u044b\u0439 Apple iPhone Xr"}}, {"model": "shop.product", "pk": "7c819b06-4658-43d3-8203-eb20f564f9cb", "fields": {"category": 4, "name": "SUUNTO 9 Baro Titanium", "slug": "suunto-9-baro-titanium", "image": "products/2018/11/28/SUUNTO_9_Baro_Titanium.webp", "description": "\u041a\u0440\u0430\u0441\u0438\u0432\u044b\u0435 SUUNTO 9 Baro Titanium"}}, {"model": "shop.product", "pk": "888e4f92-9fee-40d0-8e09-23b4b18d9ec3", "fields": {"category": 1, "name": "Samsung Galaxy Note 9", "slug": "samsung-galaxy-note-9", "image": "products/2018/11/28/Samsung_Galaxy_Note_9_LHDSEpo.webp", "description": "\u0421\u043e\u0432\u0440\u0435\u043c\u0435\u043d\u043d\u044b\u0439 Samsung Galaxy Note 9"}}, {"model": "shop.product", "pk": "8fe6379e-cd95-4c4e-90ff-ee3ae2db805e", "fields": {"category": 2, "name": "Apple iPhone 7 Plus 8 Plus", "slug": "apple-iphone-7-plus-8-plus", "image": "products/2018/11/28/Apple_iPhone_7_Plus_8_Plus.webp", "description": "\u0427\u0435\u0445\u043e\u043b \u0434\u043b\u044f Apple iPhone 7 Plus 8 Plus"}}, {"model": "shop.product", "pk": "92d7d842-f474-4df1-a3b9-33c617775b5f", "fields": {"category": 1, "name": "Nexus 5x", "slug": "nexus-5x", "image": "", "description": "\u0421\u043e\u0432\u0440\u0435\u043c\u0435\u043d\u043d\u044b\u0439 Nexus 5x"}}, {"model": "shop.product", "pk": "9662bb39-1d8a-451f-beed-766869215fbc", "fields": {"category": 4, "name": "CASIO G-SHOCK GPW-2000", "slug": "casio-g-shock-gpw-2000", "image": "products/2018/11/28/CASIO_G-SHOCK_GPW-2000.webp", "description": "\u041a\u0440\u0430\u0441\u0438\u0432\u044b\u0435 CASIO G-SHOCK GPW-2000"}}, {"model": "shop.product", "pk": "9d5c78c4-dab1-4d5b-a691-87e82f1cf3d8", "fields": {"category": 4, "name": "Amazfit Pace", "slug": "amazfit-pace", "image": "products/2018/11/28/Amazfit_Pace.webp", "description": "\u041a\u0440\u0430\u0441\u0438\u0432\u044b\u0435 Amazfit Pace"}}, {"model": "shop.product", "pk": "a129e36c-a1e3-4cb9-ae9e-7cd56ae3b0ae", "fields": {"category": 1, "name": "Pixel 2", "slug": "pixel-2", "image": "products/2018/11/28/Pixel_2.webp", "description": "\u0421\u043e\u0432\u0440\u0435\u043c\u0435\u043d\u043d\u044b\u0439 Pixel 2"}}, {"model": "shop.product", "pk": "a78fc61e-608f-4eff-bac5-3a6300ac7ae3", "fields": {"category": 4, "name": "Amazfit Bip", "slug": "amazfit-bip", "image": "products/2018/11/28/Amazfit_Bip.webp", "description": "\u041a\u0440\u0430\u0441\u0438\u0432\u044b\u0435 Amazfit Bip"}}, {"model": "shop.product", "pk": "b856890f-e1a7-4931-8b97-413eea0b846c", "fields": {"category": 1, "name": "Samsung Galaxy S8", "slug": "samsung-galaxy-s8", "image": "products/2018/11/28/Samsung_Galaxy_S8_2tZmfYZ.webp", "description": "\u0421\u043e\u0432\u0440\u0435\u043c\u0435\u043d\u043d\u044b\u0439 Samsung Galaxy S8"}}, {"model": "shop.product", "pk": "bc641b69-7d41-420a-ab49-283af9b441d5", "fields": {"category": 2, "name": "Samsung Galaxy Note 9", "slug": "samsung-galaxy-note-9", "image": "products/2018/11/28/Samsung_Galaxy_Note_9.webp", "description": "\u0427\u0435\u0445\u043e\u043b \u0434\u043b\u044f Samsung Galaxy Note 9"}}, {"model": "shop.product", "pk": "d2358da9-3d1b-4de7-b97e-414a08fa80f1", "fields": {"category": 4, "name": "Garmin Fenix 3", "slug": "garmin-fenix-3", "image": "products/2018/11/28/Garmin_Fenix_3.webp", "description": "\u041a\u0440\u0430\u0441\u0438\u0432\u044b\u0435 Garmin Fenix 3"}}, {"model": "shop.product", "pk": "d29da015-f466-4a35-966f-9bb83a97c68c", "fields": {"category": 2, "name": "Apple iPhone X", "slug": "apple-iphone-x", "image": "products/2018/11/28/Apple_iPhone_X.webp", "description": "\u0427\u0435\u0445\u043e\u043b \u0434\u043b\u044f Apple iPhone X"}}, {"model": "shop.product", "pk": "ff75e0b4-89d0-48cf-90ea-a547c62627f1", "fields": {"category": 2, "name": "OnePlus 5", "slug": "oneplus-5", "image": "products/2018/11/28/OnePlus_5.webp", "description": "\u0427\u0435\u0445\u043e\u043b \u0434\u043b\u044f OnePlus 5"}}, {"model": "shop.review", "pk": 1, "fields": {"product": "5264a4e4-5b33-45ea-8acd-a50171f10bdd", "creator": "\u0418\u0432\u0430\u043d", "text": "\u041a\u0440\u0430\u0441\u0438\u0432\u044b\u0439", "rating": 4, "created": "2018-11-28T17:51:25.942Z"}}, {"model": "shop.review", "pk": 2, "fields": {"product": "5264a4e4-5b33-45ea-8acd-a50171f10bdd", "creator": "\u041f\u0435\u0442\u0440", "text": "\u0428\u0438\u043a\u0430\u0440\u043d\u044b\u0439", "rating": 5, "created": "2018-11-28T17:52:07.178Z"}}, {"model": "orders.orderitem", "pk": 1, "fields": {"order": 1, "product": "5264a4e4-5b33-45ea-8acd-a50171f10bdd", "quantity": 1}}, {"model": "orders.orderitem", "pk": 2, "fields": {"order": 1, "product": "7408ff2b-451d-4325-aaa7-f06a6c94e09a", "quantity": 1}}, {"model": "orders.orderitem", "pk": 3, "fields": {"order": 1, "product": "888e4f92-9fee-40d0-8e09-23b4b18d9ec3", "quantity": 1}}, {"model": "articles.article", "pk": 1, "fields": {"title": "\u0414\u043e\u0431\u0440\u043e \u043f\u043e\u0436\u0430\u043b\u043e\u0432\u0430\u0442\u044c \u043d\u0430 \u0441\u0430\u0439\u0442 \u043f\u0440\u043e\u0441\u0442\u043e \u043c\u0430\u0433\u0430\u0437\u0438\u043d\u0430", "text": "\u041b\u0443\u0447\u0448\u0438\u0435 \u043c\u043e\u0431\u0438\u043b\u044b \u0442\u043e\u043b\u044c\u043a\u043e \u0443 \u043d\u0430\u0441:", "created": "2018-11-28T17:39:03.307Z", "active_status": true, "positions": 1}}, {"model": "articles.article", "pk": 2, "fields": {"title": "\u041d\u0435 \u0437\u043d\u0430\u0435\u0442\u0435 \u0447\u0442\u043e \u043e\u0434\u0435\u0442\u044c \u043b\u0435\u0442\u043e\u043c?", "text": "\u0412\u043e\u0442 \u0447\u0442\u043e \u043c\u044b \u043c\u043e\u0436\u0435\u043c \u043f\u0440\u0435\u0434\u043b\u043e\u0436\u0438\u0442\u044c:", "created": "2018-11-28T17:39:13.733Z", "active_status": true, "positions": 2}}, {"model": "articles.articleitem", "pk": 1, "fields": {"article": 2, "product": "d29da015-f466-4a35-966f-9bb83a97c68c"}}, {"model": "articles.articleitem", "pk": 2, "fields": {"article": 2, "product": "ff75e0b4-89d0-48cf-90ea-a547c62627f1"}}, {"model": "articles.articleitem", "pk": 3, "fields": {"article": 2, "product": "24fc77a2-3dd0-4265-9c8c-68fcd4b9e26b"}}, {"model": "articles.articleitem", "pk": 4, "fields": {"article": 1, "product": "5264a4e4-5b33-45ea-8acd-a50171f10bdd"}}, {"model": "articles.articleitem", "pk": 5, "fields": {"article": 1, "product": "7408ff2b-451d-4325-aaa7-f06a6c94e09a"}}, {"model": "articles.articleitem", "pk": 6, "fields": {"article": 1, "product": "888e4f92-9fee-40d0-8e09-23b4b18d9ec3"}}, {"model": "auth.permission", "pk": 1, "fields": {"name": "Can add log entry", "content_type": 1, "codename": "add_logentry"}}, {"model": "auth.permission", "pk": 2, "fields": {"name": "Can change log entry", "content_type": 1, "codename": "change_logentry"}}, {"model": "auth.permission", "pk": 3, "fields": {"name": "Can delete log entry", "content_type": 1, "codename": "delete_logentry"}}, {"model": "auth.permission", "pk": 4, "fields": {"name": "Can view log entry", "content_type": 1, "codename": "view_logentry"}}, {"model": "auth.permission", "pk": 5, "fields": {"name": "Can add permission", "content_type": 2, "codename": "add_permission"}}, {"model": "auth.permission", "pk": 6, "fields": {"name": "Can change permission", "content_type": 2, "codename": "change_permission"}}, {"model": "auth.permission", "pk": 7, "fields": {"name": "Can delete permission", "content_type": 2, "codename": "delete_permission"}}, {"model": "auth.permission", "pk": 8, "fields": {"name": "Can view permission", "content_type": 2, "codename": "view_permission"}}, {"model": "auth.permission", "pk": 9, "fields": {"name": "Can add group", "content_type": 3, "codename": "add_group"}}, {"model": "auth.permission", "pk": 10, "fields": {"name": "Can change group", "content_type": 3, "codename": "change_group"}}, {"model": "auth.permission", "pk": 11, "fields": {"name": "Can delete group", "content_type": 3, "codename": "delete_group"}}, {"model": "auth.permission", "pk": 12, "fields": {"name": "Can view group", "content_type": 3, "codename": "view_group"}}, {"model": "auth.permission", "pk": 13, "fields": {"name": "Can add user", "content_type": 4, "codename": "add_user"}}, {"model": "auth.permission", "pk": 14, "fields": {"name": "Can change user", "content_type": 4, "codename": "change_user"}}, {"model": "auth.permission", "pk": 15, "fields": {"name": "Can delete user", "content_type": 4, "codename": "delete_user"}}, {"model": "auth.permission", "pk": 16, "fields": {"name": "Can view user", "content_type": 4, "codename": "view_user"}}, {"model": "auth.permission", "pk": 17, "fields": {"name": "Can add content type", "content_type": 5, "codename": "add_contenttype"}}, {"model": "auth.permission", "pk": 18, "fields": {"name": "Can change content type", "content_type": 5, "codename": "change_contenttype"}}, {"model": "auth.permission", "pk": 19, "fields": {"name": "Can delete content type", "content_type": 5, "codename": "delete_contenttype"}}, {"model": "auth.permission", "pk": 20, "fields": {"name": "Can view content type", "content_type": 5, "codename": "view_contenttype"}}, {"model": "auth.permission", "pk": 21, "fields": {"name": "Can add session", "content_type": 6, "codename": "add_session"}}, {"model": "auth.permission", "pk": 22, "fields": {"name": "Can change session", "content_type": 6, "codename": "change_session"}}, {"model": "auth.permission", "pk": 23, "fields": {"name": "Can delete session", "content_type": 6, "codename": "delete_session"}}, {"model": "auth.permission", "pk": 24, "fields": {"name": "Can view session", "content_type": 6, "codename": "view_session"}}, {"model": "auth.permission", "pk": 25, "fields": {"name": "Can add \u041a\u0430\u0442\u0435\u0433\u043e\u0440\u0438\u044f", "content_type": 7, "codename": "add_category"}}, {"model": "auth.permission", "pk": 26, "fields": {"name": "Can change \u041a\u0430\u0442\u0435\u0433\u043e\u0440\u0438\u044f", "content_type": 7, "codename": "change_category"}}, {"model": "auth.permission", "pk": 27, "fields": {"name": "Can delete \u041a\u0430\u0442\u0435\u0433\u043e\u0440\u0438\u044f", "content_type": 7, "codename": "delete_category"}}, {"model": "auth.permission", "pk": 28, "fields": {"name": "Can view \u041a\u0430\u0442\u0435\u0433\u043e\u0440\u0438\u044f", "content_type": 7, "codename": "view_category"}}, {"model": "auth.permission", "pk": 29, "fields": {"name": "Can add \u0422\u043e\u0432\u0430\u0440", "content_type": 8, "codename": "add_product"}}, {"model": "auth.permission", "pk": 30, "fields": {"name": "Can change \u0422\u043e\u0432\u0430\u0440", "content_type": 8, "codename": "change_product"}}, {"model": "auth.permission", "pk": 31, "fields": {"name": "Can delete \u0422\u043e\u0432\u0430\u0440", "content_type": 8, "codename": "delete_product"}}, {"model": "auth.permission", "pk": 32, "fields": {"name": "Can view \u0422\u043e\u0432\u0430\u0440", "content_type": 8, "codename": "view_product"}}, {"model": "auth.permission", "pk": 33, "fields": {"name": "Can add \u041e\u0442\u0437\u044b\u0432", "content_type": 9, "codename": "add_review"}}, {"model": "auth.permission", "pk": 34, "fields": {"name": "Can change \u041e\u0442\u0437\u044b\u0432", "content_type": 9, "codename": "change_review"}}, {"model": "auth.permission", "pk": 35, "fields": {"name": "Can delete \u041e\u0442\u0437\u044b\u0432", "content_type": 9, "codename": "delete_review"}}, {"model": "auth.permission", "pk": 36, "fields": {"name": "Can view \u041e\u0442\u0437\u044b\u0432", "content_type": 9, "codename": "view_review"}}, {"model": "auth.permission", "pk": 37, "fields": {"name": "Can add \u0417\u0430\u043a\u0430\u0437", "content_type": 10, "codename": "add_order"}}, {"model": "auth.permission", "pk": 38, "fields": {"name": "Can change \u0417\u0430\u043a\u0430\u0437", "content_type": 10, "codename": "change_order"}}, {"model": "auth.permission", "pk": 39, "fields": {"name": "Can delete \u0417\u0430\u043a\u0430\u0437", "content_type": 10, "codename": "delete_order"}}, {"model": "auth.permission", "pk": 40, "fields": {"name": "Can view \u0417\u0430\u043a\u0430\u0437", "content_type": 10, "codename": "view_order"}}, {"model": "auth.permission", "pk": 41, "fields": {"name": "Can add order item", "content_type": 11, "codename": "add_orderitem"}}, {"model": "auth.permission", "pk": 42, "fields": {"name": "Can change order item", "content_type": 11, "codename": "change_orderitem"}}, {"model": "auth.permission", "pk": 43, "fields": {"name": "Can delete order item", "content_type": 11, "codename": "delete_orderitem"}}, {"model": "auth.permission", "pk": 44, "fields": {"name": "Can view order item", "content_type": 11, "codename": "view_orderitem"}}, {"model": "auth.permission", "pk": 45, "fields": {"name": "Can add \u0421\u0442\u0430\u0442\u044c\u044f", "content_type": 12, "codename": "add_article"}}, {"model": "auth.permission", "pk": 46, "fields": {"name": "Can change \u0421\u0442\u0430\u0442\u044c\u044f", "content_type": 12, "codename": "change_article"}}, {"model": "auth.permission", "pk": 47, "fields": {"name": "Can delete \u0421\u0442\u0430\u0442\u044c\u044f", "content_type": 12, "codename": "delete_article"}}, {"model": "auth.permission", "pk": 48, "fields": {"name": "Can view \u0421\u0442\u0430\u0442\u044c\u044f", "content_type": 12, "codename": "view_article"}}, {"model": "auth.permission", "pk": 49, "fields": {"name": "Can add \u0422\u043e\u0432\u0430\u0440", "content_type": 13, "codename": "add_articleitem"}}, {"model": "auth.permission", "pk": 50, "fields": {"name": "Can change \u0422\u043e\u0432\u0430\u0440", "content_type": 13, "codename": "change_articleitem"}}, {"model": "auth.permission", "pk": 51, "fields": {"name": "Can delete \u0422\u043e\u0432\u0430\u0440", "content_type": 13, "codename": "delete_articleitem"}}, {"model": "auth.permission", "pk": 52, "fields": {"name": "Can view \u0422\u043e\u0432\u0430\u0440", "content_type": 13, "codename": "view_articleitem"}}, {"model": "auth.user", "pk": 1, "fields": {"password": "pbkdf2_sha256$120000$gNDo59gz21Ej$+Hcbz0vPZp6ZA+r1Zkz2AluWLbZ8IClaPdD7iCM8V3c=", "last_login": "2018-11-28T17:36:32.961Z", "is_superuser": true, "username": "admin", "first_name": "", "last_name": "", "email": "1@1.ru", "is_staff": true, "is_active": true, "date_joined": "2018-11-28T17:35:06.417Z", "groups": [], "user_permissions": []}}, {"model": "orders.order", "pk": 1, "fields": {"user": 1, "created": "2018-11-28T17:51:09.278Z", "fulfilled": false}}, {"model": "admin.logentry", "pk": 1, "fields": {"action_time": "2018-11-28T17:38:06.496Z", "user": 1, "content_type": 7, "object_id": "1", "object_repr": "\u0421\u043c\u0430\u0440\u0442\u0444\u043e\u043d\u044b", "action_flag": 1, "change_message": "[{\"added\": {}}]"}}, {"model": "admin.logentry", "pk": 2, "fields": {"action_time": "2018-11-28T17:38:11.497Z", "user": 1, "content_type": 7, "object_id": "2", "object_repr": "\u0410\u043a\u0441\u0435\u0441\u0441\u0443\u0430\u0440\u044b", "action_flag": 1, "change_message": "[{\"added\": {}}]"}}, {"model": "admin.logentry", "pk": 3, "fields": {"action_time": "2018-11-28T17:38:22.377Z", "user": 1, "content_type": 7, "object_id": "3", "object_repr": "\u0417\u0430\u0440\u044f\u0434\u043a\u0438", "action_flag": 1, "change_message": "[{\"added\": {}}]"}}, {"model": "admin.logentry", "pk": 4, "fields": {"action_time": "2018-11-28T17:38:31.786Z", "user": 1, "content_type": 7, "object_id": "4", "object_repr": "\u0423\u043c\u043d\u044b\u0435 \u0447\u0430\u0441\u044b", "action_flag": 1, "change_message": "[{\"added\": {}}]"}}, {"model": "admin.logentry", "pk": 5, "fields": {"action_time": "2018-11-28T17:39:03.309Z", "user": 1, "content_type": 12, "object_id": "1", "object_repr": "Article object (1)", "action_flag": 1, "change_message": "[{\"added\": {}}]"}}, {"model": "admin.logentry", "pk": 6, "fields": {"action_time": "2018-11-28T17:39:13.736Z", "user": 1, "content_type": 12, "object_id": "2", "object_repr": "Article object (2)", "action_flag": 1, "change_message": "[{\"added\": {}}]"}}, {"model": "admin.logentry", "pk": 7, "fields": {"action_time": "2018-11-28T17:42:08.772Z", "user": 1, "content_type": 8, "object_id": "8fe6379e-cd95-4c4e-90ff-ee3ae2db805e", "object_repr": "Apple iPhone 7 Plus 8 Plus", "action_flag": 1, "change_message": "[{\"added\": {}}]"}}, {"model": "admin.logentry", "pk": 8, "fields": {"action_time": "2018-11-28T17:42:23.513Z", "user": 1, "content_type": 8, "object_id": "5b69c08b-55ee-4387-b3ee-2229fb574458", "object_repr": "Apple iPhone X flip", "action_flag": 1, "change_message": "[{\"added\": {}}]"}}, {"model": "admin.logentry", "pk": 9, "fields": {"action_time": "2018-11-28T17:42:37.692Z", "user": 1, "content_type": 8, "object_id": "d29da015-f466-4a35-966f-9bb83a97c68c", "object_repr": "Apple iPhone X", "action_flag": 1, "change_message": "[{\"added\": {}}]"}}, {"model": "admin.logentry", "pk": 10, "fields": {"action_time": "2018-11-28T17:42:49.649Z", "user": 1, "content_type": 8, "object_id": "ff75e0b4-89d0-48cf-90ea-a547c62627f1", "object_repr": "OnePlus 5", "action_flag": 1, "change_message": "[{\"added\": {}}]"}}, {"model": "admin.logentry", "pk": 11, "fields": {"action_time": "2018-11-28T17:43:04.028Z", "user": 1, "content_type": 8, "object_id": "bc641b69-7d41-420a-ab49-283af9b441d5", "object_repr": "Samsung Galaxy Note 9", "action_flag": 1, "change_message": "[{\"added\": {}}]"}}, {"model": "admin.logentry", "pk": 12, "fields": {"action_time": "2018-11-28T17:43:18.087Z", "user": 1, "content_type": 8, "object_id": "24fc77a2-3dd0-4265-9c8c-68fcd4b9e26b", "object_repr": "Samsung Galaxy S8", "action_flag": 1, "change_message": "[{\"added\": {}}]"}}, {"model": "admin.logentry", "pk": 13, "fields": {"action_time": "2018-11-28T17:43:32.866Z", "user": 1, "content_type": 8, "object_id": "220eaddd-bd6e-46dd-8675-a603c318283a", "object_repr": "Samsung Galaxy S9", "action_flag": 1, "change_message": "[{\"added\": {}}]"}}, {"model": "admin.logentry", "pk": 14, "fields": {"action_time": "2018-11-28T17:43:47.831Z", "user": 1, "content_type": 8, "object_id": "530bfbc0-ba4b-4952-8be7-6375b37c71b5", "object_repr": "Xiaomi Redmi 5", "action_flag": 1, "change_message": "[{\"added\": {}}]"}}, {"model": "admin.logentry", "pk": 15, "fields": {"action_time": "2018-11-28T17:44:05.778Z", "user": 1, "content_type": 8, "object_id": "0250a73e-5cc1-405a-ba63-b01db1c49211", "object_repr": "Xiaomi Redmi Note 4", "action_flag": 1, "change_message": "[{\"added\": {}}]"}}, {"model": "admin.logentry", "pk": 16, "fields": {"action_time": "2018-11-28T17:44:36.646Z", "user": 1, "content_type": 8, "object_id": "5264a4e4-5b33-45ea-8acd-a50171f10bdd", "object_repr": "Apple iPhone X", "action_flag": 1, "change_message": "[{\"added\": {}}]"}}, {"model": "admin.logentry", "pk": 17, "fields": {"action_time": "2018-11-28T17:44:50.470Z", "user": 1, "content_type": 8, "object_id": "7408ff2b-451d-4325-aaa7-f06a6c94e09a", "object_repr": "Apple iPhone Xr", "action_flag": 1, "change_message": "[{\"added\": {}}]"}}, {"model": "admin.logentry", "pk": 18, "fields": {"action_time": "2018-11-28T17:45:04.226Z", "user": 1, "content_type": 8, "object_id": "1cdf87cb-985f-4b28-bbe7-1222c9b704d8", "object_repr": "Huawei Mate 20 Pro", "action_flag": 1, "change_message": "[{\"added\": {}}]"}}, {"model": "admin.logentry", "pk": 19, "fields": {"action_time": "2018-11-28T17:45:15.587Z", "user": 1, "content_type": 8, "object_id": "0f221712-b2e8-481a-86d7-2cd056366074", "object_repr": "iPhone 7", "action_flag": 1, "change_message": "[{\"added\": {}}]"}}, {"model": "admin.logentry", "pk": 20, "fields": {"action_time": "2018-11-28T17:45:24.756Z", "user": 1, "content_type": 8, "object_id": "92d7d842-f474-4df1-a3b9-33c617775b5f", "object_repr": "Nexus 5x", "action_flag": 1, "change_message": "[{\"added\": {}}]"}}, {"model": "admin.logentry", "pk": 21, "fields": {"action_time": "2018-11-28T17:45:42.652Z", "user": 1, "content_type": 8, "object_id": "a129e36c-a1e3-4cb9-ae9e-7cd56ae3b0ae", "object_repr": "Pixel 2", "action_flag": 1, "change_message": "[{\"added\": {}}]"}}, {"model": "admin.logentry", "pk": 22, "fields": {"action_time": "2018-11-28T17:45:54.844Z", "user": 1, "content_type": 8, "object_id": "888e4f92-9fee-40d0-8e09-23b4b18d9ec3", "object_repr": "Samsung Galaxy Note 9", "action_flag": 1, "change_message": "[{\"added\": {}}]"}}, {"model": "admin.logentry", "pk": 23, "fields": {"action_time": "2018-11-28T17:46:08.846Z", "user": 1, "content_type": 8, "object_id": "b856890f-e1a7-4931-8b97-413eea0b846c", "object_repr": "Samsung Galaxy S8", "action_flag": 1, "change_message": "[{\"added\": {}}]"}}, {"model": "admin.logentry", "pk": 24, "fields": {"action_time": "2018-11-28T17:46:25.250Z", "user": 1, "content_type": 8, "object_id": "296478a3-2df6-4100-b8d2-1efd99794f3f", "object_repr": "Sony Xperia XZ3", "action_flag": 1, "change_message": "[{\"added\": {}}]"}}, {"model": "admin.logentry", "pk": 25, "fields": {"action_time": "2018-11-28T17:46:55.689Z", "user": 1, "content_type": 8, "object_id": "a78fc61e-608f-4eff-bac5-3a6300ac7ae3", "object_repr": "Amazfit Bip", "action_flag": 1, "change_message": "[{\"added\": {}}]"}}, {"model": "admin.logentry", "pk": 26, "fields": {"action_time": "2018-11-28T17:47:07.283Z", "user": 1, "content_type": 8, "object_id": "9d5c78c4-dab1-4d5b-a691-87e82f1cf3d8", "object_repr": "Amazfit Pace", "action_flag": 1, "change_message": "[{\"added\": {}}]"}}, {"model": "admin.logentry", "pk": 27, "fields": {"action_time": "2018-11-28T17:47:21.967Z", "user": 1, "content_type": 8, "object_id": "0700a475-b8b9-460a-9fd9-74a5164ce688", "object_repr": "Apple Watch Series 4", "action_flag": 1, "change_message": "[{\"added\": {}}]"}}, {"model": "admin.logentry", "pk": 28, "fields": {"action_time": "2018-11-28T17:47:33.280Z", "user": 1, "content_type": 8, "object_id": "9662bb39-1d8a-451f-beed-766869215fbc", "object_repr": "CASIO G-SHOCK GPW-2000", "action_flag": 1, "change_message": "[{\"added\": {}}]"}}, {"model": "admin.logentry", "pk": 29, "fields": {"action_time": "2018-11-28T17:47:48.530Z", "user": 1, "content_type": 8, "object_id": "d2358da9-3d1b-4de7-b97e-414a08fa80f1", "object_repr": "Garmin Fenix 3", "action_flag": 1, "change_message": "[{\"added\": {}}]"}}, {"model": "admin.logentry", "pk": 30, "fields": {"action_time": "2018-11-28T17:48:00.406Z", "user": 1, "content_type": 8, "object_id": "24300b2d-5423-4cee-ab02-bc11179a7ed3", "object_repr": "Garmin Vivoactive 3", "action_flag": 1, "change_message": "[{\"added\": {}}]"}}, {"model": "admin.logentry", "pk": 31, "fields": {"action_time": "2018-11-28T17:48:14.424Z", "user": 1, "content_type": 8, "object_id": "2a213c5f-2e74-4ea6-91cb-50c1a6e6edd4", "object_repr": "Samsung Gear S3 Classic", "action_flag": 1, "change_message": "[{\"added\": {}}]"}}, {"model": "admin.logentry", "pk": 32, "fields": {"action_time": "2018-11-28T17:48:28.633Z", "user": 1, "content_type": 8, "object_id": "033f8f1b-f7fa-4fd8-8b4e-71879c8bd31b", "object_repr": "Samsung Gear S3 Frontier", "action_flag": 1, "change_message": "[{\"added\": {}}]"}}, {"model": "admin.logentry", "pk": 33, "fields": {"action_time": "2018-11-28T17:48:42.549Z", "user": 1, "content_type": 8, "object_id": "7c819b06-4658-43d3-8203-eb20f564f9cb", "object_repr": "SUUNTO 9 Baro Titanium", "action_flag": 1, "change_message": "[{\"added\": {}}]"}}, {"model": "admin.logentry", "pk": 34, "fields": {"action_time": "2018-11-28T17:49:05.451Z", "user": 1, "content_type": 8, "object_id": "0250a73e-5cc1-405a-ba63-b01db1c49211", "object_repr": "Xiaomi Redmi Note 4", "action_flag": 2, "change_message": "[{\"changed\": {\"fields\": [\"category\"]}}]"}}, {"model": "admin.logentry", "pk": 35, "fields": {"action_time": "2018-11-28T17:50:02.544Z", "user": 1, "content_type": 12, "object_id": "2", "object_repr": "Article object (2)", "action_flag": 2, "change_message": "[{\"added\": {\"name\": \"\\u0422\\u043e\\u0432\\u0430\\u0440\", \"object\": \"ArticleItem object (1)\"}}, {\"added\": {\"name\": \"\\u0422\\u043e\\u0432\\u0430\\u0440\", \"object\": \"ArticleItem object (2)\"}}, {\"added\": {\"name\": \"\\u0422\\u043e\\u0432\\u0430\\u0440\", \"object\": \"ArticleItem object (3)\"}}]"}}, {"model": "admin.logentry", "pk": 36, "fields": {"action_time": "2018-11-28T17:50:41.547Z", "user": 1, "content_type": 12, "object_id": "1", "object_repr": "Article object (1)", "action_flag": 2, "change_message": "[{\"added\": {\"name\": \"\\u0422\\u043e\\u0432\\u0430\\u0440\", \"object\": \"ArticleItem object (4)\"}}, {\"added\": {\"name\": \"\\u0422\\u043e\\u0432\\u0430\\u0440\", \"object\": \"ArticleItem object (5)\"}}, {\"added\": {\"name\": \"\\u0422\\u043e\\u0432\\u0430\\u0440\", \"object\": \"ArticleItem object (6)\"}}]"}}, {"model": "admin.logentry", "pk": 37, "fields": {"action_time": "2018-11-29T17:54:40.214Z", "user": 1, "content_type": 9, "object_id": "4", "object_repr": "Review object (4)", "action_flag": 3, "change_message": ""}}, {"model": "admin.logentry", "pk": 38, "fields": {"action_time": "2018-11-29T17:54:40.308Z", "user": 1, "content_type": 9, "object_id": "3", "object_repr": "Review object (3)", "action_flag": 3, "change_message": ""}}]