[{"model": "contenttypes.contenttype", "pk": 1, "fields": {"app_label": "admin", "model": "logentry"}}, {"model": "contenttypes.contenttype", "pk": 2, "fields": {"app_label": "auth", "model": "permission"}}, {"model": "contenttypes.contenttype", "pk": 3, "fields": {"app_label": "auth", "model": "group"}}, {"model": "contenttypes.contenttype", "pk": 4, "fields": {"app_label": "auth", "model": "user"}}, {"model": "contenttypes.contenttype", "pk": 5, "fields": {"app_label": "contenttypes", "model": "contenttype"}}, {"model": "contenttypes.contenttype", "pk": 6, "fields": {"app_label": "sessions", "model": "session"}}, {"model": "contenttypes.contenttype", "pk": 7, "fields": {"app_label": "shop", "model": "category"}}, {"model": "contenttypes.contenttype", "pk": 8, "fields": {"app_label": "shop", "model": "product"}}, {"model": "contenttypes.contenttype", "pk": 9, "fields": {"app_label": "orders", "model": "order"}}, {"model": "contenttypes.contenttype", "pk": 10, "fields": {"app_label": "orders", "model": "orderitem"}}, {"model": "contenttypes.contenttype", "pk": 11, "fields": {"app_label": "articles", "model": "article"}}, {"model": "contenttypes.contenttype", "pk": 12, "fields": {"app_label": "articles", "model": "articleitem"}}, {"model": "sessions.session", "pk": "2k7scd85hu4qot331cqqizd89dc2byeg", "fields": {"session_data": "ZmYzYWRmYTFjMmFkYjI0YTljZWNiYzVmY2M1MzljN2Q4MmUyYmE1OTp7Il9hdXRoX3VzZXJfaWQiOiIxIiwiX2F1dGhfdXNlcl9iYWNrZW5kIjoiYWNjb3VudC5hdXRoZW50aWNhdGlvbi5FbWFpbEF1dGhCYWNrZW5kIiwiX2F1dGhfdXNlcl9oYXNoIjoiYjk4ZjNlMjEwNmI5ODU5NTE0N2RkNDU2MDY1NDgwM2ExMDhmM2FhNyJ9", "expire_date": "2018-12-10T10:18:42.322Z"}}, {"model": "sessions.session", "pk": "e60vbyuefnavyui1j39pfd74b3ac04me", "fields": {"session_data": "MGFiZTA2MzQ2NzMyNmJiN2FkOTQ0NGM0YmQxNWQ1ZmNkY2JhZWZhZDp7ImNhcnQiOnt9LCJfYXV0aF91c2VyX2lkIjoiMSIsIl9hdXRoX3VzZXJfYmFja2VuZCI6ImFjY291bnQuYXV0aGVudGljYXRpb24uRW1haWxBdXRoQmFja2VuZCIsIl9hdXRoX3VzZXJfaGFzaCI6ImI5OGYzZTIxMDZiOTg1OTUxNDdkZDQ1NjA2NTQ4MDNhMTA4ZjNhYTcifQ==", "expire_date": "2018-12-10T09:27:59.955Z"}}, {"model": "shop.category", "pk": 1, "fields": {"name": "\u0410\u043a\u0441\u0435\u0441\u0441\u0443\u0430\u0440\u044b", "slug": "aksessuary"}}, {"model": "shop.category", "pk": 2, "fields": {"name": "\u0421\u043c\u0430\u0440\u0442\u0444\u043e\u043d\u044b", "slug": "smartfony"}}, {"model": "shop.category", "pk": 3, "fields": {"name": "\u0423\u043c\u043d\u044b\u0435 \u0447\u0430\u0441\u044b", "slug": "umnye-chasy"}}, {"model": "shop.category", "pk": 4, "fields": {"name": "\u0417\u0430\u0440\u044f\u0434\u043a\u0438", "slug": "zaryadki"}}, {"model": "shop.product", "pk": 1, "fields": {"category": 1, "name": "Apple iPhone 7 Plus 8 Plus", "slug": "apple-iphone-7-plus-8-plus", "image": "products/2018/11/26/Apple_iPhone_7_Plus_8_Plus.webp", "description": "\u0427\u0435\u0445\u043e\u043b \u0434\u043b\u044f Apple iPhone 7 Plus 8 Plus", "merchandise_id": "0a8086c9-8094-4ddf-aab2-fc3135e78f7d"}}, {"model": "shop.product", "pk": 2, "fields": {"category": 1, "name": "Apple iPhone X flip", "slug": "apple-iphone-x-flip", "image": "products/2018/11/26/Apple_iPhone_X_flip.webp", "description": "\u0427\u0435\u0445\u043e\u043b \u0434\u043b\u044f Apple iPhone X flip", "merchandise_id": "9dce93b2-f336-413c-97c4-86617517d21e"}}, {"model": "shop.product", "pk": 3, "fields": {"category": 1, "name": "Apple iPhone X", "slug": "apple-iphone-x", "image": "products/2018/11/26/Apple_iPhone_X.webp", "description": "\u0427\u0435\u0445\u043e\u043b \u0434\u043b\u044f Apple iPhone X", "merchandise_id": "9aaf6a64-69e8-4fa1-bdfc-e45656c0187c"}}, {"model": "shop.product", "pk": 4, "fields": {"category": 1, "name": "OnePlus 5", "slug": "oneplus-5", "image": "products/2018/11/26/OnePlus_5.webp", "description": "\u0427\u0435\u0445\u043e\u043b \u0434\u043b\u044f OnePlus 5", "merchandise_id": "104006fd-2014-4703-8e26-86b795c89f85"}}, {"model": "shop.product", "pk": 5, "fields": {"category": 1, "name": "Samsung Galaxy Note 9", "slug": "samsung-galaxy-note-9", "image": "products/2018/11/26/Samsung_Galaxy_Note_9.webp", "description": "\u0427\u0435\u0445\u043e\u043b \u0434\u043b\u044f Samsung Galaxy Note 9", "merchandise_id": "c337ca64-1df8-46b3-8cc9-a8afd83ba9c4"}}, {"model": "shop.product", "pk": 6, "fields": {"category": 1, "name": "Samsung Galaxy S8", "slug": "samsung-galaxy-s8", "image": "products/2018/11/26/Samsung_Galaxy_S8.webp", "description": "\u0427\u0435\u0445\u043e\u043b Samsung Galaxy S8", "merchandise_id": "99cbe38d-bd0b-42ab-92d8-45a0dd81bc6c"}}, {"model": "shop.product", "pk": 7, "fields": {"category": 1, "name": "Samsung Galaxy S9", "slug": "samsung-galaxy-s9", "image": "products/2018/11/26/Samsung_Galaxy_S9.webp", "description": "\u0427\u0435\u0445\u043e\u043b \u0434\u043b\u044f Samsung Galaxy S9", "merchandise_id": "2e3190e9-e94a-43af-89f9-cfe729fea4ee"}}, {"model": "shop.product", "pk": 8, "fields": {"category": 1, "name": "Xiaomi Redmi 5", "slug": "xiaomi-redmi-5", "image": "", "description": "\u0427\u0435\u0445\u043e\u043b \u0434\u043b\u044f Xiaomi Redmi 5", "merchandise_id": "fad76e24-c9cc-4551-91a9-9c6576e3a6d1"}}, {"model": "shop.product", "pk": 9, "fields": {"category": 1, "name": "Xiaomi Redmi Note 4", "slug": "xiaomi-redmi-note-4", "image": "products/2018/11/26/Xiaomi_Redmi_Note_4.webp", "description": "\u0427\u0435\u0445\u043e\u043b \u0434\u043b\u044f Xiaomi Redmi Note 4", "merchandise_id": "3f968482-a1ea-4580-be25-05149439e84b"}}, {"model": "shop.product", "pk": 10, "fields": {"category": 2, "name": "Apple iPhone X", "slug": "apple-iphone-x", "image": "products/2018/11/26/Apple_iPhone_X_sj4ixCC.webp", "description": "\u041a\u0440\u0443\u0442\u043e\u0439 Apple iPhone X", "merchandise_id": "0397aae3-9400-4355-a15b-b97973cdf729"}}, {"model": "shop.product", "pk": 11, "fields": {"category": 2, "name": "Apple iPhone Xr", "slug": "apple-iphone-xr", "image": "products/2018/11/26/Apple_iPhone_Xr.webp", "description": "\u041a\u0440\u0443\u0442\u043e\u0439 Apple iPhone Xr", "merchandise_id": "630df324-9a1c-4921-982e-d902c7ee00fc"}}, {"model": "shop.product", "pk": 12, "fields": {"category": 2, "name": "Huawei Mate 20 Pro", "slug": "huawei-mate-20-pro", "image": "products/2018/11/26/Huawei_Mate_20_Pro.webp", "description": "\u041a\u0440\u0443\u0442\u043e\u0439 Huawei Mate 20 Pro", "merchandise_id": "4077739d-dd83-4e0e-bb36-87e12f4c7b8c"}}, {"model": "shop.product", "pk": 13, "fields": {"category": 2, "name": "iPhone7", "slug": "iphone7", "image": "products/2018/11/26/iphone7.webp", "description": "\u041a\u0440\u0443\u0442\u043e\u0439 iPhone7", "merchandise_id": "dfb89a13-4911-4d90-b7ca-ee984d2b3a31"}}, {"model": "shop.product", "pk": 14, "fields": {"category": 2, "name": "Nexus 5x", "slug": "nexus-5x", "image": "", "description": "\u041a\u0440\u0443\u0442\u043e\u0439 Nexus 5x", "merchandise_id": "c4a9c121-dce7-47ba-a147-d687db320faf"}}, {"model": "shop.product", "pk": 15, "fields": {"category": 2, "name": "Pixel 2", "slug": "pixel-2", "image": "products/2018/11/26/pixel2.webp", "description": "\u041a\u0440\u0443\u0442\u043e\u0439 Pixel 2", "merchandise_id": "0b27212d-ed03-41d7-81dd-ed341711a1e8"}}, {"model": "shop.product", "pk": 16, "fields": {"category": 2, "name": "Samsung Galaxy Note 9", "slug": "samsung-galaxy-note-9", "image": "products/2018/11/26/Samsung_Galaxy_Note_9_3FBd4s2.webp", "description": "\u041a\u0440\u0443\u0442\u043e\u0439 Samsung Galaxy Note 9", "merchandise_id": "808b8af9-2418-4da5-a872-c1b74e95b741"}}, {"model": "shop.product", "pk": 17, "fields": {"category": 2, "name": "Samsung S8", "slug": "samsung-s8", "image": "products/2018/11/26/samsungs8.webp", "description": "\u041a\u0440\u0443\u0442\u043e\u0439 Samsung S8", "merchandise_id": "3cd79f9c-228a-4541-b5f4-58fce43e637a"}}, {"model": "shop.product", "pk": 18, "fields": {"category": 2, "name": "Sony Xperia XZ3", "slug": "sony-xperia-xz3", "image": "", "description": "\u041a\u0440\u0443\u0442\u043e\u0439 Sony Xperia XZ3", "merchandise_id": "24998d1c-b512-4d7c-9eb0-55f2760d6ca1"}}, {"model": "shop.product", "pk": 19, "fields": {"category": 3, "name": "Amazfit Bip", "slug": "amazfit-bip", "image": "products/2018/11/26/Amazfit_Bip.webp", "description": "\u041a\u043b\u0435\u0432\u044b\u0435 Amazfit Bip", "merchandise_id": "7e257891-30b5-4b3d-8cf7-84284a367994"}}, {"model": "shop.product", "pk": 20, "fields": {"category": 3, "name": "Amazfit Pace", "slug": "amazfit-pace", "image": "products/2018/11/26/Amazfit_Pace.webp", "description": "\u041a\u043b\u0435\u0432\u044b\u0435 Amazfit Pace", "merchandise_id": "f5733340-32fe-465f-a6c6-2e6b961be553"}}, {"model": "shop.product", "pk": 21, "fields": {"category": 3, "name": "Apple Watch Series 4 GPS 44mm Aluminum Case", "slug": "apple-watch-series-4-gps-44mm-aluminum-case", "image": "products/2018/11/26/Apple_Watch_Series_4_GPS_44mm_Aluminum_Case.webp", "description": "\u041a\u043b\u0435\u0432\u044b\u0435 Apple Watch Series 4 GPS 44mm Aluminum Case", "merchandise_id": "5454da87-bae5-4ca0-9c63-fe21fbae0e9d"}}, {"model": "shop.product", "pk": 22, "fields": {"category": 3, "name": "CASIO G-SHOCK GPW-2000-1A", "slug": "casio-g-shock-gpw-2000-1a", "image": "", "description": "\u041a\u043b\u0435\u0432\u044b\u0435 CASIO G-SHOCK GPW-2000-1A", "merchandise_id": "033bec91-205c-4554-9644-1cce8f79922a"}}, {"model": "shop.product", "pk": 23, "fields": {"category": 3, "name": "Garmin Fenix 3 Sapphire with Titanium Strap", "slug": "garmin-fenix-3-sapphire-titanium-strap", "image": "products/2018/11/26/Garmin_Fenix_3_Sapphire_with_Titanium_Strap.webp", "description": "\u041a\u043b\u0435\u0432\u044b\u0435 Garmin Fenix 3 Sapphire with Titanium Strap", "merchandise_id": "ba0e05c0-180b-46d9-81b7-f0f4c92e73a1"}}, {"model": "shop.product", "pk": 24, "fields": {"category": 3, "name": "Garmin Vivoactive 3", "slug": "garmin-vivoactive-3", "image": "products/2018/11/26/Garmin_Vivoactive_3.webp", "description": "\u041a\u043b\u0435\u0432\u044b\u0435 Garmin Vivoactive 3", "merchandise_id": "9f571600-b4ea-4db6-bac7-2b0d4adec6fa"}}, {"model": "shop.product", "pk": 25, "fields": {"category": 3, "name": "Samsung Gear S3 Classic", "slug": "samsung-gear-s3-classic", "image": "products/2018/11/26/Samsung_Gear_S3_Classic.webp", "description": "\u041a\u043b\u0435\u0432\u044b\u0435 Samsung Gear S3 Classic", "merchandise_id": "6f9d24e7-2408-4804-b8b4-73d5be056d40"}}, {"model": "shop.product", "pk": 26, "fields": {"category": 3, "name": "Samsung Gear S3 Frontier", "slug": "samsung-gear-s3-frontier", "image": "products/2018/11/26/Samsung_Gear_S3_Frontier.webp", "description": "\u041a\u043b\u0435\u0432\u044b\u0435 Samsung Gear S3 Frontier", "merchandise_id": "542c6181-2bd2-4b59-93c8-25135fbda1f8"}}, {"model": "shop.product", "pk": 27, "fields": {"category": 3, "name": "SUUNTO 9 Baro Titanium", "slug": "suunto-9-baro-titanium", "image": "products/2018/11/26/SUUNTO_9_Baro_Titanium.webp", "description": "\u041a\u043b\u0435\u0432\u044b\u0435 SUUNTO 9 Baro Titanium", "merchandise_id": "fa173650-150d-491a-9a0c-6053eb407f78"}}, {"model": "articles.article", "pk": 1, "fields": {"title": "\u0414\u043e\u0431\u0440\u043e \u043f\u043e\u0436\u0430\u043b\u043e\u0432\u0430\u0442\u044c \u043d\u0430 \u0441\u0430\u0439\u0442 \u043f\u0440\u043e\u0441\u0442\u043e \u043c\u0430\u0433\u0430\u0437\u0438\u043d\u0430", "text": "\u041b\u0443\u0447\u0448\u0438\u0435 \u0441\u043c\u0430\u0440\u0442\u0444\u043e\u043d\u044b \u0442\u043e\u043b\u044c\u043a\u043e \u0443 \u043d\u0430\u0441:", "created": "2018-11-26T07:53:44.267Z", "active_status": true, "positions": 1}}, {"model": "articles.article", "pk": 2, "fields": {"title": "\u041d\u0435 \u0437\u043d\u0430\u0435\u0442\u0435 \u0447\u0442\u043e \u043e\u0434\u0435\u0442\u044c \u043b\u0435\u0442\u043e\u043c?", "text": "\u041e\u0434\u0435\u043d\u044c\u0442\u0435 \u0412\u0430\u0448 \u0442\u0435\u043b\u0435\u0444\u043e\u043d. \u0412\u043e\u0442 \u0447\u0442\u043e \u043c\u044b \u043c\u043e\u0436\u0435\u043c \u043f\u0440\u0435\u0434\u043b\u043e\u0436\u0438\u0442\u044c:", "created": "2018-11-26T07:54:22.882Z", "active_status": true, "positions": 2}}, {"model": "articles.articleitem", "pk": 1, "fields": {"article": 1, "product": 11}}, {"model": "articles.articleitem", "pk": 2, "fields": {"article": 1, "product": 10}}, {"model": "articles.articleitem", "pk": 3, "fields": {"article": 1, "product": 17}}, {"model": "articles.articleitem", "pk": 4, "fields": {"article": 2, "product": 2}}, {"model": "articles.articleitem", "pk": 5, "fields": {"article": 2, "product": 3}}, {"model": "articles.articleitem", "pk": 6, "fields": {"article": 2, "product": 6}}, {"model": "auth.permission", "pk": 1, "fields": {"name": "Can add log entry", "content_type": 1, "codename": "add_logentry"}}, {"model": "auth.permission", "pk": 2, "fields": {"name": "Can change log entry", "content_type": 1, "codename": "change_logentry"}}, {"model": "auth.permission", "pk": 3, "fields": {"name": "Can delete log entry", "content_type": 1, "codename": "delete_logentry"}}, {"model": "auth.permission", "pk": 4, "fields": {"name": "Can view log entry", "content_type": 1, "codename": "view_logentry"}}, {"model": "auth.permission", "pk": 5, "fields": {"name": "Can add permission", "content_type": 2, "codename": "add_permission"}}, {"model": "auth.permission", "pk": 6, "fields": {"name": "Can change permission", "content_type": 2, "codename": "change_permission"}}, {"model": "auth.permission", "pk": 7, "fields": {"name": "Can delete permission", "content_type": 2, "codename": "delete_permission"}}, {"model": "auth.permission", "pk": 8, "fields": {"name": "Can view permission", "content_type": 2, "codename": "view_permission"}}, {"model": "auth.permission", "pk": 9, "fields": {"name": "Can add group", "content_type": 3, "codename": "add_group"}}, {"model": "auth.permission", "pk": 10, "fields": {"name": "Can change group", "content_type": 3, "codename": "change_group"}}, {"model": "auth.permission", "pk": 11, "fields": {"name": "Can delete group", "content_type": 3, "codename": "delete_group"}}, {"model": "auth.permission", "pk": 12, "fields": {"name": "Can view group", "content_type": 3, "codename": "view_group"}}, {"model": "auth.permission", "pk": 13, "fields": {"name": "Can add user", "content_type": 4, "codename": "add_user"}}, {"model": "auth.permission", "pk": 14, "fields": {"name": "Can change user", "content_type": 4, "codename": "change_user"}}, {"model": "auth.permission", "pk": 15, "fields": {"name": "Can delete user", "content_type": 4, "codename": "delete_user"}}, {"model": "auth.permission", "pk": 16, "fields": {"name": "Can view user", "content_type": 4, "codename": "view_user"}}, {"model": "auth.permission", "pk": 17, "fields": {"name": "Can add content type", "content_type": 5, "codename": "add_contenttype"}}, {"model": "auth.permission", "pk": 18, "fields": {"name": "Can change content type", "content_type": 5, "codename": "change_contenttype"}}, {"model": "auth.permission", "pk": 19, "fields": {"name": "Can delete content type", "content_type": 5, "codename": "delete_contenttype"}}, {"model": "auth.permission", "pk": 20, "fields": {"name": "Can view content type", "content_type": 5, "codename": "view_contenttype"}}, {"model": "auth.permission", "pk": 21, "fields": {"name": "Can add session", "content_type": 6, "codename": "add_session"}}, {"model": "auth.permission", "pk": 22, "fields": {"name": "Can change session", "content_type": 6, "codename": "change_session"}}, {"model": "auth.permission", "pk": 23, "fields": {"name": "Can delete session", "content_type": 6, "codename": "delete_session"}}, {"model": "auth.permission", "pk": 24, "fields": {"name": "Can view session", "content_type": 6, "codename": "view_session"}}, {"model": "auth.permission", "pk": 25, "fields": {"name": "Can add \u041a\u0430\u0442\u0435\u0433\u043e\u0440\u0438\u044f", "content_type": 7, "codename": "add_category"}}, {"model": "auth.permission", "pk": 26, "fields": {"name": "Can change \u041a\u0430\u0442\u0435\u0433\u043e\u0440\u0438\u044f", "content_type": 7, "codename": "change_category"}}, {"model": "auth.permission", "pk": 27, "fields": {"name": "Can delete \u041a\u0430\u0442\u0435\u0433\u043e\u0440\u0438\u044f", "content_type": 7, "codename": "delete_category"}}, {"model": "auth.permission", "pk": 28, "fields": {"name": "Can view \u041a\u0430\u0442\u0435\u0433\u043e\u0440\u0438\u044f", "content_type": 7, "codename": "view_category"}}, {"model": "auth.permission", "pk": 29, "fields": {"name": "Can add \u0422\u043e\u0432\u0430\u0440", "content_type": 8, "codename": "add_product"}}, {"model": "auth.permission", "pk": 30, "fields": {"name": "Can change \u0422\u043e\u0432\u0430\u0440", "content_type": 8, "codename": "change_product"}}, {"model": "auth.permission", "pk": 31, "fields": {"name": "Can delete \u0422\u043e\u0432\u0430\u0440", "content_type": 8, "codename": "delete_product"}}, {"model": "auth.permission", "pk": 32, "fields": {"name": "Can view \u0422\u043e\u0432\u0430\u0440", "content_type": 8, "codename": "view_product"}}, {"model": "auth.permission", "pk": 33, "fields": {"name": "Can add \u0417\u0430\u043a\u0430\u0437", "content_type": 9, "codename": "add_order"}}, {"model": "auth.permission", "pk": 34, "fields": {"name": "Can change \u0417\u0430\u043a\u0430\u0437", "content_type": 9, "codename": "change_order"}}, {"model": "auth.permission", "pk": 35, "fields": {"name": "Can delete \u0417\u0430\u043a\u0430\u0437", "content_type": 9, "codename": "delete_order"}}, {"model": "auth.permission", "pk": 36, "fields": {"name": "Can view \u0417\u0430\u043a\u0430\u0437", "content_type": 9, "codename": "view_order"}}, {"model": "auth.permission", "pk": 37, "fields": {"name": "Can add order item", "content_type": 10, "codename": "add_orderitem"}}, {"model": "auth.permission", "pk": 38, "fields": {"name": "Can change order item", "content_type": 10, "codename": "change_orderitem"}}, {"model": "auth.permission", "pk": 39, "fields": {"name": "Can delete order item", "content_type": 10, "codename": "delete_orderitem"}}, {"model": "auth.permission", "pk": 40, "fields": {"name": "Can view order item", "content_type": 10, "codename": "view_orderitem"}}, {"model": "auth.permission", "pk": 41, "fields": {"name": "Can add \u0421\u0442\u0430\u0442\u044c\u044f", "content_type": 11, "codename": "add_article"}}, {"model": "auth.permission", "pk": 42, "fields": {"name": "Can change \u0421\u0442\u0430\u0442\u044c\u044f", "content_type": 11, "codename": "change_article"}}, {"model": "auth.permission", "pk": 43, "fields": {"name": "Can delete \u0421\u0442\u0430\u0442\u044c\u044f", "content_type": 11, "codename": "delete_article"}}, {"model": "auth.permission", "pk": 44, "fields": {"name": "Can view \u0421\u0442\u0430\u0442\u044c\u044f", "content_type": 11, "codename": "view_article"}}, {"model": "auth.permission", "pk": 45, "fields": {"name": "Can add article item", "content_type": 12, "codename": "add_articleitem"}}, {"model": "auth.permission", "pk": 46, "fields": {"name": "Can change article item", "content_type": 12, "codename": "change_articleitem"}}, {"model": "auth.permission", "pk": 47, "fields": {"name": "Can delete article item", "content_type": 12, "codename": "delete_articleitem"}}, {"model": "auth.permission", "pk": 48, "fields": {"name": "Can view article item", "content_type": 12, "codename": "view_articleitem"}}, {"model": "auth.user", "pk": 1, "fields": {"password": "pbkdf2_sha256$120000$VmErkmaxLwI7$REeWhjlaa6vhJhL/fvvzWdMCmf13DLY3RU5swAeUES0=", "last_login": "2018-11-26T10:18:42.251Z", "is_superuser": true, "username": "admin", "first_name": "", "last_name": "", "email": "1@1.ru", "is_staff": true, "is_active": true, "date_joined": "2018-11-26T07:18:26.260Z", "groups": [], "user_permissions": []}}, {"model": "admin.logentry", "pk": 1, "fields": {"action_time": "2018-11-26T07:20:04.937Z", "user": 1, "content_type": 7, "object_id": "1", "object_repr": "\u0410\u043a\u0441\u0435\u0441\u0441\u0443\u0430\u0440\u044b", "action_flag": 1, "change_message": "[{\"added\": {}}]"}}, {"model": "admin.logentry", "pk": 2, "fields": {"action_time": "2018-11-26T07:20:14.221Z", "user": 1, "content_type": 7, "object_id": "2", "object_repr": "\u0421\u043c\u0430\u0440\u0442\u0444\u043e\u043d\u044b", "action_flag": 1, "change_message": "[{\"added\": {}}]"}}, {"model": "admin.logentry", "pk": 3, "fields": {"action_time": "2018-11-26T07:20:25.652Z", "user": 1, "content_type": 7, "object_id": "3", "object_repr": "\u0423\u043c\u043d\u044b\u0435 \u0447\u0430\u0441\u044b", "action_flag": 1, "change_message": "[{\"added\": {}}]"}}, {"model": "admin.logentry", "pk": 4, "fields": {"action_time": "2018-11-26T07:20:36.092Z", "user": 1, "content_type": 7, "object_id": "4", "object_repr": "\u0417\u0430\u0440\u044f\u0434\u043a\u0438", "action_flag": 1, "change_message": "[{\"added\": {}}]"}}, {"model": "admin.logentry", "pk": 5, "fields": {"action_time": "2018-11-26T07:21:32.486Z", "user": 1, "content_type": 8, "object_id": "1", "object_repr": "Apple iPhone 7 Plus 8 Plus", "action_flag": 1, "change_message": "[{\"added\": {}}]"}}, {"model": "admin.logentry", "pk": 6, "fields": {"action_time": "2018-11-26T07:21:52.825Z", "user": 1, "content_type": 8, "object_id": "2", "object_repr": "Apple iPhone X flip", "action_flag": 1, "change_message": "[{\"added\": {}}]"}}, {"model": "admin.logentry", "pk": 7, "fields": {"action_time": "2018-11-26T07:22:08.774Z", "user": 1, "content_type": 8, "object_id": "3", "object_repr": "Apple iPhone X", "action_flag": 1, "change_message": "[{\"added\": {}}]"}}, {"model": "admin.logentry", "pk": 8, "fields": {"action_time": "2018-11-26T07:23:28.033Z", "user": 1, "content_type": 8, "object_id": "4", "object_repr": "OnePlus 5", "action_flag": 1, "change_message": "[{\"added\": {}}]"}}, {"model": "admin.logentry", "pk": 9, "fields": {"action_time": "2018-11-26T07:23:55.582Z", "user": 1, "content_type": 8, "object_id": "5", "object_repr": "Samsung Galaxy Note 9", "action_flag": 1, "change_message": "[{\"added\": {}}]"}}, {"model": "admin.logentry", "pk": 10, "fields": {"action_time": "2018-11-26T07:25:30.110Z", "user": 1, "content_type": 8, "object_id": "6", "object_repr": "Samsung Galaxy S8", "action_flag": 1, "change_message": "[{\"added\": {}}]"}}, {"model": "admin.logentry", "pk": 11, "fields": {"action_time": "2018-11-26T07:25:48.146Z", "user": 1, "content_type": 8, "object_id": "7", "object_repr": "Samsung Galaxy S9", "action_flag": 1, "change_message": "[{\"added\": {}}]"}}, {"model": "admin.logentry", "pk": 12, "fields": {"action_time": "2018-11-26T07:38:54.174Z", "user": 1, "content_type": 8, "object_id": "8", "object_repr": "Xiaomi Redmi 5", "action_flag": 1, "change_message": "[{\"added\": {}}]"}}, {"model": "admin.logentry", "pk": 13, "fields": {"action_time": "2018-11-26T07:39:24.788Z", "user": 1, "content_type": 8, "object_id": "9", "object_repr": "Xiaomi Redmi Note 4", "action_flag": 1, "change_message": "[{\"added\": {}}]"}}, {"model": "admin.logentry", "pk": 14, "fields": {"action_time": "2018-11-26T07:44:15.402Z", "user": 1, "content_type": 8, "object_id": "10", "object_repr": "Apple iPhone X", "action_flag": 1, "change_message": "[{\"added\": {}}]"}}, {"model": "admin.logentry", "pk": 15, "fields": {"action_time": "2018-11-26T07:44:27.051Z", "user": 1, "content_type": 8, "object_id": "11", "object_repr": "Apple iPhone Xr", "action_flag": 1, "change_message": "[{\"added\": {}}]"}}, {"model": "admin.logentry", "pk": 16, "fields": {"action_time": "2018-11-26T07:44:49.560Z", "user": 1, "content_type": 8, "object_id": "12", "object_repr": "Huawei Mate 20 Pro", "action_flag": 1, "change_message": "[{\"added\": {}}]"}}, {"model": "admin.logentry", "pk": 17, "fields": {"action_time": "2018-11-26T07:45:18.232Z", "user": 1, "content_type": 8, "object_id": "13", "object_repr": "iPhone7", "action_flag": 1, "change_message": "[{\"added\": {}}]"}}, {"model": "admin.logentry", "pk": 18, "fields": {"action_time": "2018-11-26T07:45:49.186Z", "user": 1, "content_type": 8, "object_id": "14", "object_repr": "Nexus 5x", "action_flag": 1, "change_message": "[{\"added\": {}}]"}}, {"model": "admin.logentry", "pk": 19, "fields": {"action_time": "2018-11-26T07:46:06.823Z", "user": 1, "content_type": 8, "object_id": "15", "object_repr": "Pixel 2", "action_flag": 1, "change_message": "[{\"added\": {}}]"}}, {"model": "admin.logentry", "pk": 20, "fields": {"action_time": "2018-11-26T07:47:40.306Z", "user": 1, "content_type": 8, "object_id": "16", "object_repr": "Samsung Galaxy Note 9", "action_flag": 1, "change_message": "[{\"added\": {}}]"}}, {"model": "admin.logentry", "pk": 21, "fields": {"action_time": "2018-11-26T07:48:15.435Z", "user": 1, "content_type": 8, "object_id": "17", "object_repr": "Samsung S8", "action_flag": 1, "change_message": "[{\"added\": {}}]"}}, {"model": "admin.logentry", "pk": 22, "fields": {"action_time": "2018-11-26T07:48:23.495Z", "user": 1, "content_type": 8, "object_id": "18", "object_repr": "Sony Xperia XZ3", "action_flag": 1, "change_message": "[{\"added\": {}}]"}}, {"model": "admin.logentry", "pk": 23, "fields": {"action_time": "2018-11-26T07:50:46.038Z", "user": 1, "content_type": 7, "object_id": "2", "object_repr": "\u0421\u043c\u0430\u0440\u0442\u0444\u043e\u043d\u044b", "action_flag": 2, "change_message": "[]"}}, {"model": "admin.logentry", "pk": 24, "fields": {"action_time": "2018-11-26T07:53:44.271Z", "user": 1, "content_type": 11, "object_id": "1", "object_repr": "Article object (1)", "action_flag": 1, "change_message": "[{\"added\": {}}, {\"added\": {\"name\": \"article item\", \"object\": \"ArticleItem object (1)\"}}, {\"added\": {\"name\": \"article item\", \"object\": \"ArticleItem object (2)\"}}, {\"added\": {\"name\": \"article item\", \"object\": \"ArticleItem object (3)\"}}]"}}, {"model": "admin.logentry", "pk": 25, "fields": {"action_time": "2018-11-26T07:54:22.885Z", "user": 1, "content_type": 11, "object_id": "2", "object_repr": "Article object (2)", "action_flag": 1, "change_message": "[{\"added\": {}}, {\"added\": {\"name\": \"article item\", \"object\": \"ArticleItem object (4)\"}}, {\"added\": {\"name\": \"article item\", \"object\": \"ArticleItem object (5)\"}}, {\"added\": {\"name\": \"article item\", \"object\": \"ArticleItem object (6)\"}}]"}}, {"model": "admin.logentry", "pk": 26, "fields": {"action_time": "2018-11-26T07:54:40.254Z", "user": 1, "content_type": 11, "object_id": "1", "object_repr": "Article object (1)", "action_flag": 2, "change_message": "[{\"changed\": {\"fields\": [\"positions\"]}}]"}}, {"model": "admin.logentry", "pk": 27, "fields": {"action_time": "2018-11-26T07:54:47.010Z", "user": 1, "content_type": 11, "object_id": "2", "object_repr": "Article object (2)", "action_flag": 2, "change_message": "[{\"changed\": {\"fields\": [\"positions\"]}}]"}}, {"model": "admin.logentry", "pk": 28, "fields": {"action_time": "2018-11-26T08:14:27.170Z", "user": 1, "content_type": 8, "object_id": "19", "object_repr": "Amazfit Bip", "action_flag": 1, "change_message": "[{\"added\": {}}]"}}, {"model": "admin.logentry", "pk": 29, "fields": {"action_time": "2018-11-26T08:15:27.921Z", "user": 1, "content_type": 8, "object_id": "20", "object_repr": "Amazfit Pace", "action_flag": 1, "change_message": "[{\"added\": {}}]"}}, {"model": "admin.logentry", "pk": 30, "fields": {"action_time": "2018-11-26T08:16:38.133Z", "user": 1, "content_type": 8, "object_id": "21", "object_repr": "Apple Watch Series 4 GPS 44mm Aluminum Case", "action_flag": 1, "change_message": "[{\"added\": {}}]"}}, {"model": "admin.logentry", "pk": 31, "fields": {"action_time": "2018-11-26T08:16:50.264Z", "user": 1, "content_type": 8, "object_id": "22", "object_repr": "CASIO G-SHOCK GPW-2000-1A", "action_flag": 1, "change_message": "[{\"added\": {}}]"}}, {"model": "admin.logentry", "pk": 32, "fields": {"action_time": "2018-11-26T08:29:18.701Z", "user": 1, "content_type": 8, "object_id": "23", "object_repr": "Garmin Fenix 3 Sapphire with Titanium Strap", "action_flag": 1, "change_message": "[{\"added\": {}}]"}}, {"model": "admin.logentry", "pk": 33, "fields": {"action_time": "2018-11-26T08:29:34.876Z", "user": 1, "content_type": 8, "object_id": "24", "object_repr": "Garmin Vivoactive 3", "action_flag": 1, "change_message": "[{\"added\": {}}]"}}, {"model": "admin.logentry", "pk": 34, "fields": {"action_time": "2018-11-26T08:31:04.185Z", "user": 1, "content_type": 8, "object_id": "25", "object_repr": "Samsung Gear S3 Classic", "action_flag": 1, "change_message": "[{\"added\": {}}]"}}, {"model": "admin.logentry", "pk": 35, "fields": {"action_time": "2018-11-26T08:31:18.223Z", "user": 1, "content_type": 8, "object_id": "26", "object_repr": "Samsung Gear S3 Frontier", "action_flag": 1, "change_message": "[{\"added\": {}}]"}}, {"model": "admin.logentry", "pk": 36, "fields": {"action_time": "2018-11-26T08:31:31.564Z", "user": 1, "content_type": 8, "object_id": "27", "object_repr": "SUUNTO 9 Baro Titanium", "action_flag": 1, "change_message": "[{\"added\": {}}]"}}, {"model": "admin.logentry", "pk": 37, "fields": {"action_time": "2018-11-26T08:45:56.831Z", "user": 1, "content_type": 11, "object_id": "1", "object_repr": "Article object (1)", "action_flag": 2, "change_message": "[{\"changed\": {\"fields\": [\"text\"]}}]"}}, {"model": "admin.logentry", "pk": 38, "fields": {"action_time": "2018-11-26T08:46:34.131Z", "user": 1, "content_type": 11, "object_id": "1", "object_repr": "Article object (1)", "action_flag": 2, "change_message": "[{\"changed\": {\"fields\": [\"text\"]}}]"}}, {"model": "admin.logentry", "pk": 39, "fields": {"action_time": "2018-11-26T08:46:50.005Z", "user": 1, "content_type": 11, "object_id": "1", "object_repr": "Article object (1)", "action_flag": 2, "change_message": "[{\"changed\": {\"fields\": [\"text\"]}}]"}}, {"model": "admin.logentry", "pk": 40, "fields": {"action_time": "2018-11-26T08:47:15.588Z", "user": 1, "content_type": 11, "object_id": "1", "object_repr": "Article object (1)", "action_flag": 2, "change_message": "[{\"changed\": {\"fields\": [\"text\"]}}]"}}, {"model": "admin.logentry", "pk": 41, "fields": {"action_time": "2018-11-26T08:47:43.846Z", "user": 1, "content_type": 11, "object_id": "2", "object_repr": "Article object (2)", "action_flag": 2, "change_message": "[{\"changed\": {\"fields\": [\"text\"]}}]"}}]